Título,Enlace,Colores,Precio,Moneda,Fecha
Emporio Armani EA7 Reflective Tape Crew Tracksuit,https://www.jdsports.es/product/gris-emporio-armani-ea7-reflective-tape-crew-tracksuit/19609997_jdsportses/,None,165.00,€,20231219
Emporio Armani EA7 Poly Track Pants,https://www.jdsports.es/product/negro-emporio-armani-ea7-poly-track-pants/19609996_jdsportses/,None,105.00,€,20231219
Emporio Armani EA7 Colour Block Crew Tracksuit,https://www.jdsports.es/product/negro-emporio-armani-ea7-colour-block-crew-tracksuit/19609995_jdsportses/,None,160.00,€,20231219
Napapijri Arper Jacket,https://www.jdsports.es/product/negro-napapijri-arper-jacket/19609994_jdsportses/,None,140.00,€,20231219
Puma AC Milan Pre Match Woven Track Pants,https://www.jdsports.es/product/gris-puma-ac-milan-pre-match-woven-track-pants/19609993_jdsportses/,None,70.00,€,20231219
HUGO Deresino Tipped Polo T-Shirt,https://www.jdsports.es/product/negro-hugo-deresino-tipped-polo-t-shirt/19609991_jdsportses/,None,119.00,€,20231219
Emporio Armani EA7 Poly Full Zip Hoodie,https://www.jdsports.es/product/negro-emporio-armani-ea7-poly-full-zip-hoodie/19609990_jdsportses/,negro,115.00,€,20231219
LEVI'S 555 Relax Jeans,https://www.jdsports.es/product/gris-levis-555-relax-jeans/19609765_jdsportses/,gris,80.00,€,20231219
LEVI'S 555 Relax Jeans,https://www.jdsports.es/product/levis-555-relax-jeans/19609764_jdsportses/,,80.00,€,20231219
LEVI'S 515 Slim Jeans,https://www.jdsports.es/product/azul-levis-515-slim-jeans/19609763_jdsportses/,azul,70.00,€,20231219
LEVI'S 515 Slim Jeans,https://www.jdsports.es/product/azul-levis-515-slim-jeans/19609762_jdsportses/,azul,70.00,€,20231219
LEVI'S 515 Slim Jeans,https://www.jdsports.es/product/azul-levis-515-slim-jeans/19609761_jdsportses/,None,70.00,€,20231219
MERCIER Maison Cargo Track Pants,https://www.jdsports.es/product/negro-mercier-maison-cargo-track-pants/19609760_jdsportses/,None,83.00,€,20231219
HUGO Dammock Dog T-Shirt,https://www.jdsports.es/product/blanco-hugo-dammock-dog-t-shirt/19609759_jdsportses/,None,75.00,€,20231219
Reebok Stack Logo Joggers,https://www.jdsports.es/product/verde-reebok-stack-logo-joggers/19609758_jdsportses/,None,42.00,€,20231219
HUGO Camiseta,https://www.jdsports.es/product/verde-hugo-camiseta/19609754_jdsportses/,negro,55.00,€,20231219
Levi's Pantalón vaquero 501 Straight,https://www.jdsports.es/product/negro-levis-pantaln-vaquero-501-straight/19609752_jdsportses/,None,110.00,€,20231219
adidas Originals Tape Overhead Hoodie,https://www.jdsports.es/product/marrn-adidas-originals-tape-overhead-hoodie/19609750_jdsportses/,gris,75.00,€,20231219
Score Draw Scotland '90 Blackout Shirt,https://www.jdsports.es/product/negro-score-draw-scotland-90-blackout-shirt/19609730_jdsportses/,None,45.00,€,20231219
adidas Originals Pantalón SST Adicolor Classics,https://www.jdsports.es/product/azul-adidas-originals-pantaln-sst-adicolor-classics/19609407_jdsportses/,"beige/negro, negro, verde, azul",70.00,€,20231219
Nike England Lionesses 2023/24 Earps #1 GK Shirt,https://www.jdsports.es/product/verde-nike-england-lionesses-202324-earps-1-gk-shirt/19609689_jdsportses/,None,123.00,€,20231219
BOSS Pique Joggers,https://www.jdsports.es/product/negro-boss-pique-joggers/19609652_jdsportses/,None,105.00,€,20231219
BOSS Pique Crew Sweatshirt,https://www.jdsports.es/product/negro-boss-pique-crew-sweatshirt/19609651_jdsportses/,None,105.00,€,20231219
Supply & Demand Station Jeans,https://www.jdsports.es/product/negro-supply-and-demand-station-jeans/19609649_jdsportses/,None,55.00,€,20231219
BOSS pack de 3 camisetas,https://www.jdsports.es/product/negro-boss-pack-de-3-camisetas/19609642_jdsportses/,"verde/blanco, multicolor",54.00,€,20231219
Under Armour Tech Core 1/4 Zip Top,https://www.jdsports.es/product/negro-under-armour-tech-core-14-zip-top/19591808_jdsportses/,None,50.00,€,20231219
Supply & Demand Ernest Jeans,https://www.jdsports.es/product/negro-supply-and-demand-ernest-jeans/19609506_jdsportses/,None,60.00,€,20231219
Supply & Demand Katima Jeans,https://www.jdsports.es/product/azul-supply-and-demand-katima-jeans/19609504_jdsportses/,None,55.00,€,20231219
Supply & Demand Dona Jeans,https://www.jdsports.es/product/azul-supply-and-demand-dona-jeans/19609503_jdsportses/,None,65.00,€,20231219
Supply & Demand Ponte Jeans,https://www.jdsports.es/product/gris-supply-and-demand-ponte-jeans/19609502_jdsportses/,None,65.00,€,20231219
Reebok Tennis T-Shirt,https://www.jdsports.es/product/blanco-reebok-tennis-t-shirt/19609500_jdsportses/,azul,32.00,€,20231219
Reebok Tennis T-Shirt,https://www.jdsports.es/product/azul-reebok-tennis-t-shirt/19609499_jdsportses/,blanco,32.00,€,20231219
Reebok Open Hem Joggers,https://www.jdsports.es/product/negro-reebok-open-hem-joggers/19609498_jdsportses/,None,36.00,€,20231219
Reebok Stack Logo Joggers,https://www.jdsports.es/product/gris-reebok-stack-logo-joggers/19609497_jdsportses/,verde,42.00,€,20231219
adidas Celtic FC Training Top,https://www.jdsports.es/product/verde-adidas-celtic-fc-training-top/19609496_jdsportses/,None,70.00,€,20231219
Reebok Stack Logo Hoodie,https://www.jdsports.es/product/gris-reebok-stack-logo-hoodie/19609495_jdsportses/,None,48.00,€,20231219
adidas Celtic FC Hoodie,https://www.jdsports.es/product/verde-adidas-celtic-fc-hoodie/19609494_jdsportses/,None,65.00,€,20231219
adidas Celtic FC Cotton Polo Shirt,https://www.jdsports.es/product/verde-adidas-celtic-fc-cotton-polo-shirt/19609493_jdsportses/,None,45.00,€,20231219
adidas Originals SST Bonded Track Pants,https://www.jdsports.es/product/negro-adidas-originals-sst-bonded-track-pants/19609492_jdsportses/,gris,80.00,€,20231219
BOSS Pixel Full Zip Hooded Tracksuit,https://www.jdsports.es/product/boss-pixel-full-zip-hooded-tracksuit/19609491_jdsportses/,negro,319.00,€,20231219
McKenzie Garth 2 Poly Fleece Track Pants,https://www.jdsports.es/product/negro-mckenzie-garth-2-poly-fleece-track-pants/19609490_jdsportses/,"azul, rojo",40.00,€,20231219
Nike Air Max Performance Woven Track Pants,https://www.jdsports.es/product/gris-nike-air-max-performance-woven-track-pants/19609489_jdsportses/,None,80.00,€,20231219
Puma Al Hilal 2024/25 Neymar Jr #10 Home Shirt,https://www.jdsports.es/product/azul-puma-al-hilal-202425-neymar-jr-10-home-shirt/19609417_jdsportses/,None,90.00,€,20231219
adidas Celtic FC Track Jacket,https://www.jdsports.es/product/verde-adidas-celtic-fc-track-jacket/19609414_jdsportses/,None,70.00,€,20231219
Puma Manchester City FC Essential T-Shirt,https://www.jdsports.es/product/rojo-puma-manchester-city-fc-essential-t-shirt/19609413_jdsportses/,None,25.00,€,20231219
MERCIER Mono T-Shirt,https://www.jdsports.es/product/blanco-mercier-mono-t-shirt/19609312_jdsportses/,None,48.00,€,20231219
Hoodrich OG Dash Tracksuit,https://www.jdsports.es/product/negro-hoodrich-og-dash-tracksuit/19609311_jdsportses/,None,115.00,€,20231219
Supply & Demand Elite Jacket,https://www.jdsports.es/product/negro-supply-and-demand-elite-jacket/19609310_jdsportses/,None,70.00,€,20231219
Supply & Demand Elite Cargo Pants,https://www.jdsports.es/product/negro-supply-and-demand-elite-cargo-pants/19609309_jdsportses/,None,60.00,€,20231219
Reebok Tennic Graphic T-Shirt,https://www.jdsports.es/product/gris-reebok-tennic-graphic-t-shirt/19609307_jdsportses/,azul,30.00,€,20231219
Reebok Tennic Graphic T-Shirt,https://www.jdsports.es/product/azul-reebok-tennic-graphic-t-shirt/19609306_jdsportses/,gris,30.00,€,20231219
Puma Olympique Marseille Woven Track Pants,https://www.jdsports.es/product/azul-puma-olympique-marseille-woven-track-pants/19609305_jdsportses/,None,70.00,€,20231219
Puma Olympique Marseille Woven Jacket,https://www.jdsports.es/product/azul-puma-olympique-marseille-woven-jacket/19609304_jdsportses/,None,85.00,€,20231219
BOSS pack de 3 camisetas,https://www.jdsports.es/product/multicolor-boss-pack-de-3-camisetas/19609294_jdsportses/,"verde/blanco, negro/verde",54.00,€,20231219
MERCIER pantalón de chándal Team,https://www.jdsports.es/product/gris-mercier-pantaln-de-chndal-team/19609291_jdsportses/,gris,71.00,€,20231219
MERCIER sudadera con capucha Team,https://www.jdsports.es/product/gris-mercier-sudadera-con-capucha-team/19609290_jdsportses/,gris,83.00,€,20231219
MERCIER Caruso T-Shirt,https://www.jdsports.es/product/negro-mercier-caruso-t-shirt/19609169_jdsportses/,None,45.00,€,20231219
MERCIER Caruso Joggers,https://www.jdsports.es/product/gris-mercier-caruso-joggers/19609168_jdsportses/,negro,65.00,€,20231219
Nicce OG T-Shirt,https://www.jdsports.es/product/negro-nicce-og-t-shirt/19609164_jdsportses/,None,35.00,€,20231219
MERCIER Empire Puffer Jacket,https://www.jdsports.es/product/azul-mercier-empire-puffer-jacket/19609159_jdsportses/,None,190.00,€,20231219
MERCIER Team Gilet,https://www.jdsports.es/product/negro-mercier-team-gilet/19609158_jdsportses/,None,107.00,€,20231219
MERCIER Team Puffer Jacket,https://www.jdsports.es/product/negro-mercier-team-puffer-jacket/19609157_jdsportses/,None,190.00,€,20231219
Nike NBA Phoenix Suns 2023/24 Booker #1 Jersey,https://www.jdsports.es/product/morado-nike-nba-phoenix-suns-202324-booker-1-jersey/19609156_jdsportses/,None,105.00,€,20231219
On Running Active Track Pants,https://www.jdsports.es/product/on-running-active-track-pants/19609095_jdsportses/,negro,150.00,€,20231219
Nike Air Max Crew Sweatshirt,https://www.jdsports.es/product/gris-nike-air-max-crew-sweatshirt/19607948_jdsportses/,None,80.00,€,20231219
Supply & Demand Sleeper Jeans,https://www.jdsports.es/product/azul-supply-and-demand-sleeper-jeans/19608837_jdsportses/,None,55.00,€,20231219
adidas Originals Globe Hoodie,https://www.jdsports.es/product/gris-adidas-originals-globe-hoodie/19608834_jdsportses/,negro,77.00,€,20231219
Puma AC Milan Icons T-Shirt,https://www.jdsports.es/product/rojo-puma-ac-milan-icons-t-shirt/19608833_jdsportses/,None,28.00,€,20231219
Puma AC Milan Icons T-Shirt,https://www.jdsports.es/product/blanco-puma-ac-milan-icons-t-shirt/19608832_jdsportses/,None,28.00,€,20231219
Champion Rochester Chino Pants,https://www.jdsports.es/product/negro-champion-rochester-chino-pants/19608829_jdsportses/,None,60.00,€,20231219
Puma Sudadera con capucha,https://www.jdsports.es/product/azul-puma-sudadera-con-capucha/19608824_jdsportses/,"marrón, negro, azul, negro, verde, gris",55.00,€,20231219
Puma Sudadera con capucha,https://www.jdsports.es/product/gris-puma-sudadera-con-capucha/19608823_jdsportses/,"marrón, negro, azul, negro, verde, azul",55.00,€,20231219
adidas Originals Gazelle,https://www.jdsports.es/product/adidas-originals-gazelle/19602713_jdsportses/,None,110.00,€,20231219
adidas Originals Handball Spezial,https://www.jdsports.es/product/blanco-adidas-originals-handball-spezial/19608465_jdsportses/,"azul/blanco, azul, azul/azul, negro/blanco, negro, gris, gris, negro, blanco/blanco/blanco, verde/verde, negro/rosa",110.00,€,20231219
adidas Originals Samba OG,https://www.jdsports.es/product/blanco-crudo-adidas-originals-samba-og/19602635_jdsportses/,"negro, blanco/negro",120.00,€,20231219
adidas Originals Gazelle Bold,https://www.jdsports.es/product/verde-adidas-originals-gazelle-bold/19602738_jdsportses/,negro/blanco/blanco,120.00,€,20231219
Nike Nike Air Force 1 '07 LV8 Zapatillas - Hombre,https://www.jdsports.es/product/negro-nike-nike-air-force1-07-lv8-zapatillas---hombre/19598359_jdsportses/,None,130.00,€,20231219
Nike Air Force 1 LV8,https://www.jdsports.es/product/blanco-nike-air-force-1-lv8/19596594_jdsportses/,None,130.00,€,20231219
Nike Air Force 1 Low,https://www.jdsports.es/product/gris-nike-air-force-1-low/19596032_jdsportses/,None,130.00,€,20231219
Nike Air Force 1 LV8,https://www.jdsports.es/product/blanco-nike-air-force-1-lv8/19596592_jdsportses/,gris/blanco,130.00,€,20231219
Nike Dunk Low,https://www.jdsports.es/product/blanco-nike-dunk-low/19607230_jdsportses/,None,120.00,€,20231219
Nike Air Max 1,https://www.jdsports.es/product/blanco-nike-air-max-1/19600238_jdsportses/,None,150.00,€,20231219
adidas Originals Gazelle Celtic,https://www.jdsports.es/product/blanco-adidas-originals-gazelle-celtic/19606373_jdsportses/,None,120.00,€,20231219
Nike Dunk Low,https://www.jdsports.es/product/gris-nike-dunk-low/19596593_jdsportses/,"negro/negro, blanco/rojo/rojo, blanco, blanco/negro/blanco/azul/negro",130.00,€,20231219
Nike Air Force 1 Low,https://www.jdsports.es/product/negro-nike-air-force-1-low/19593811_jdsportses/,"negro/negro/negro, blanco/blanco/gris/gris, blanco/blanco/negro",120.00,€,20231219
Jordan Air 1 Mid,https://www.jdsports.es/product/azul-jordan-air-1-mid/19598202_jdsportses/,None,140.00,€,20231219
Nike Air Max 90 júnior,https://www.jdsports.es/product/negro-nike-air-max-90-jnior/19595250_jdsportses/,blanco/rojo/blanco,160.00,€,20231219
adidas Originals Zapatilla Handball Spezial,https://www.jdsports.es/product/adidas-originals-zapatilla-handball-spezial/19584921_jdsportses/,"negro/blanco/blanco, blanco",110.00,€,20231219
Nike Air Force 1 Low,https://www.jdsports.es/product/blanco-nike-air-force-1-low/19575420_jdsportses/,None,120.00,€,20231219
adidas Originals Samba OG para mujer,https://www.jdsports.es/product/adidas-originals-samba-og-para-mujer/16050677_jdsportses/,"blanco/blanco/rosa, blanco/negro/negro, blanco/azul/blanco/azul",120.00,€,20231219
New Balance 327,https://www.jdsports.es/product/verde-new-balance-327/19596280_jdsportses/,"negro, negro, negro/verde",120.00,€,20231219
adidas Originals Samba OG para mujer,https://www.jdsports.es/product/blanco-crudo-adidas-originals-samba-og-para-mujer/19605130_jdsportses/,"blanco/blanco/rosa, blanco/negro/negro, negro/blanco/blanco",120.00,€,20231219
Nike Air Max Pulse,https://www.jdsports.es/product/negro-nike-air-max-pulse/19575122_jdsportses/,"blanco/blanco, blanco/blanco/blanco, negro/gris/blanco/gris, negro/dorado/dorado",160.00,€,20231219
Jordan Air 1 Element GORE-TEX,https://www.jdsports.es/product/negro-jordan-air-1-element-gore-tex/19604855_jdsportses/,None,200.00,€,20231219
adidas Originals Handball Spezial,https://www.jdsports.es/product/adidas-originals-handball-spezial/19602626_jdsportses/,"azul/blanco, azul, azul/azul, negro/blanco, negro, gris, gris, negro, blanco/blanco/blanco, negro/rosa, blanco",110.00,€,20231219
Nike Air Max 90,https://www.jdsports.es/product/negro-nike-air-max-90/19595012_jdsportses/,None,160.00,€,20231219
Jordan Max Aura 5,https://www.jdsports.es/product/blanco-jordan-max-aura-5/19596342_jdsportses/,None,130.00,€,20231219
Nike Air Flight 89,https://www.jdsports.es/product/gris-nike-air-flight-89/19606272_jdsportses/,None,130.00,€,20231219
adidas Originals Samba OG para mujer,https://www.jdsports.es/product/adidas-originals-samba-og-para-mujer/16042449_jdsportses/,"blanco/blanco/rosa, negro/blanco/blanco, blanco/azul/blanco/azul",120.00,€,20231219
Nike Air Force 1 '07 LV8,https://www.jdsports.es/product/blanco-nike-air-force-1-07-lv8/19596041_jdsportses/,None,130.00,€,20231219
Emporio Armani EA7 B&W 2.0,https://www.jdsports.es/product/negro-emporio-armani-ea7-bandw-20/19584021_jdsportses/,"negro, ",175.00,€,20231219
adidas Originals Gazelle Bold,https://www.jdsports.es/product/adidas-originals-gazelle-bold/19606030_jdsportses/,rosa/verde/blanco,120.00,€,20231219
Nike Dunk Low,https://www.jdsports.es/product/negro-nike-dunk-low/16071413_jdsportses/,"blanco/rojo/rojo, blanco, blanco/negro/blanco/azul/negro, gris/azul",130.00,€,20231219
adidas Originals ZX 750,https://www.jdsports.es/product/rojo-adidas-originals-zx-750/19601777_jdsportses/,gris,110.00,€,20231219
Vans Knu Skool,https://www.jdsports.es/product/negro-vans-knu-skool/19358819_jdsportses/,"azul, negro, marrón, gris",90.00,€,20231219
adidas Originals ZX 750,https://www.jdsports.es/product/marrn-adidas-originals-zx-750/19594688_jdsportses/,beige,110.00,€,20231219
adidas Zapatilla Forum Low Classic,https://www.jdsports.es/product/adidas-zapatilla-forum-low-classic/16616164_jdsportses/,negro/blanco/crema/blanco,120.00,€,20231219
Lacoste Deviation II,https://www.jdsports.es/product/gris-lacoste-deviation-ii/19589941_jdsportses/,None,120.00,€,20231219
Nike Full Force Low,https://www.jdsports.es/product/blanco-nike-full-force-low/19594659_jdsportses/,None,100.00,€,20231219
adidas Originals Forum Low para mujer,https://www.jdsports.es/product/adidas-originals-forum-low-para-mujer/19555849_jdsportses/,None,120.00,€,20231219
Lacoste Lerond Plus,https://www.jdsports.es/product/blanco-lacoste-lerond-plus/19590766_jdsportses/,None,115.00,€,20231219
Fila M Squad,https://www.jdsports.es/product/blanco-fila-m-squad/19603028_jdsportses/,negro,75.00,€,20231219
Nike Air VaporMax Plus,https://www.jdsports.es/product/negro-nike-air-vapormax-plus/19598325_jdsportses/,gris,225.00,€,20231219
Lacoste Deviation II,https://www.jdsports.es/product/negro-lacoste-deviation-ii/19592247_jdsportses/,None,120.00,€,20231219
Nike Air Max 90,https://www.jdsports.es/product/gris-nike-air-max-90/19595011_jdsportses/,None,160.00,€,20231219
Lacoste Twin Serve,https://www.jdsports.es/product/blanco-lacoste-twin-serve/19592248_jdsportses/,None,125.00,€,20231219
Nike Air VaporMax 2023,https://www.jdsports.es/product/blanco-nike-air-vapormax-2023/19574933_jdsportses/,negro/negro/negro,230.00,€,20231219
adidas Originals ZX 750,https://www.jdsports.es/product/beige-adidas-originals-zx-750/19594689_jdsportses/,marrón,110.00,€,20231219
Nike Air Force 1 Low,https://www.jdsports.es/product/blanco-nike-air-force-1-low/1267679_jdsportses/,None,120.00,€,20231219
Lacoste Deviation II,https://www.jdsports.es/product/blanco-lacoste-deviation-ii/19592583_jdsportses/,None,120.00,€,20231219
Nike Air VaporMax Plus,https://www.jdsports.es/product/negro-nike-air-vapormax-plus/15970809_jdsportses/,gris/gris/naranja/blanco/rojo,225.00,€,20231219
Jordan MVP,https://www.jdsports.es/product/blanco-jordan-mvp/19596055_jdsportses/,None,170.00,€,20231219
Vans SK8-Hi,https://www.jdsports.es/product/gris-vans-sk8-hi/19606515_jdsportses/,marrón,105.00,€,20231219
New Balance 2002R,https://www.jdsports.es/product/gris-new-balance-2002r/19590768_jdsportses/,None,150.00,€,20231219
Emporio Armani EA7 Kombat Winter,https://www.jdsports.es/product/negro-emporio-armani-ea7-kombat-winter/19590336_jdsportses/,gris,210.00,€,20231219
Nike Air Max 95,https://www.jdsports.es/product/negro-nike-air-max-95/19595089_jdsportses/,negro,190.00,€,20231219
adidas Originals Gazelle para mujer,https://www.jdsports.es/product/blanco-crudo-adidas-originals-gazelle-para-mujer/19583505_jdsportses/,"negro/blanco/blanco, blanco/blanco/dorado, negro/negro/negro/negro, blanco/dorado/blanco, rojo/blanco/crema/blanco, beige/blanco/crema/blanco, , ",110.00,€,20231219
adidas Originals ZX 750,https://www.jdsports.es/product/negro-adidas-originals-zx-750/16169167_jdsportses/,azul,110.00,€,20231219
adidas Originals Forum Low,https://www.jdsports.es/product/adidas-originals-forum-low/19570057_jdsportses/,None,120.00,€,20231219
adidas Originals Gazelle para mujer,https://www.jdsports.es/product/adidas-originals-gazelle-para-mujer/19602712_jdsportses/,"negro/blanco/blanco, blanco/blanco/dorado, negro/negro/negro/negro, blanco/dorado/blanco, rojo/blanco/crema/blanco, beige/blanco/crema/blanco, blanco/crema/blanco, ",110.00,€,20231219
New Balance 1906R,https://www.jdsports.es/product/gris-new-balance-1906r/19587302_jdsportses/,None,160.00,€,20231219
Converse Chuck Taylor All Star High,https://www.jdsports.es/product/gris-converse-chuck-taylor-all-star-high/19601783_jdsportses/,"negro, negro, negro, marrón",80.00,€,20231219
Nike Air Force 1 Low para mujer,https://www.jdsports.es/product/blanco-nike-air-force-1-low-para-mujer/1267779_jdsportses/,"negro/negro, blanco/verde",120.00,€,20231219
Jordan Stay Loyal 3,https://www.jdsports.es/product/negro-jordan-stay-loyal-3/19598640_jdsportses/,None,120.00,€,20231219
adidas Originals Gazelle para mujer,https://www.jdsports.es/product/adidas-originals-gazelle-para-mujer/19553476_jdsportses/,beige,110.00,€,20231219
adidas Originals Jeans,https://www.jdsports.es/product/gris-adidas-originals-jeans/19577964_jdsportses/,"azul, marrón",110.00,€,20231219
adidas Originals LA Trainer OG,https://www.jdsports.es/product/adidas-originals-la-trainer-og/19594122_jdsportses/,gris,110.00,€,20231219
adidas Zapatilla Stan Smith,https://www.jdsports.es/product/adidas-zapatilla-stan-smith/19583516_jdsportses/,None,110.00,€,20231219
Nike Air Max TW,https://www.jdsports.es/product/negro-nike-air-max-tw/17173989_jdsportses/,negro/azul,160.00,€,20231219
Puma RS-X Efekt Reflective,https://www.jdsports.es/product/negro-puma-rs-x-efekt-reflective/19600623_jdsportses/,gris,120.00,€,20231219
McKenzie Almer V2,https://www.jdsports.es/product/negro-mckenzie-almer-v2/19604244_jdsportses/,"gris, rojo, negro",60.00,€,20231219
Nike React Vision,https://www.jdsports.es/product/negro-nike-react-vision/16532193_jdsportses/,None,145.00,€,20231219
Nike Air Max 95 Essential,https://www.jdsports.es/product/negro-nike-air-max-95-essential/19596065_jdsportses/,negro/blanco,190.00,€,20231219
adidas Originals Zapatilla Stan Smith,https://www.jdsports.es/product/adidas-originals-zapatilla-stan-smith/16126852_jdsportses/,None,110.00,€,20231219
